[
    {
        "genero":"animacion",
        "nombre":"Coco",
        "director":"Acuña",
        "año":25,
        "actores":"095 55 5riente",
        "duracion":"berraco@brr.com",
        "calificacion": "★★★",
        "poster":"https://m.media-amazon.com/images/I/A1tyD0nKdhL._AC_SY679_.jpg"
    },
    {
        "genero":"comedia",
        "nombre":"Golpe bajo",
        "director":"Acuña",
        "año":25,
        "actores":"095 55 5riente",
        "duracion":"berraco@brr.com",
        "calificacion": "★★★★★",
        "poster":"https://i.pinimg.com/originals/29/95/c4/2995c4793cc42288f5b11137c699a715.jpg"
    },
    {
        "genero":"crimen",
        "nombre":"Joker",
        "director":"Acuña",
        "año":25,
        "actores":"095 55 5riente",
        "duracion":"berraco@brr.com",
        "calificacion": "★",
        "poster":"https://hips.hearstapps.com/hmg-prod.s3.amazonaws.com/images/poster-joker-2-1567010576.jpg"
    },
    {
        "genero":"drama",
        "nombre":"Fury",
        "director":"Acuña",
        "año":25,
        "actores":"095 55 5riente",
        "duracion":"berraco@brr.com",
        "calificacion": "★★",
        "poster":"https://m.media-amazon.com/images/I/911oYnatToL._AC_SY679_.jpg"
    },
    {
        "genero":"documentales",
        "nombre":"Green Book",
        "director":"Acuña",
        "año":25,
        "actores":"095 55 5riente",
        "duracion":"berraco@brr.com",
        "calificacion": "★★★",
        "poster":"https://m.media-amazon.com/images/I/61yMI3vSgfL._AC_SY606_.jpg"
    },
    {
        "genero":"fantasia",
        "nombre":"Eternals",
        "director":"Acuña",
        "año":25,
        "actores":"095 55 5riente",
        "duracion":"berraco@brr.com",
        "calificacion": "★★★★★",
        "poster":"https://lunateen.perfil.com/wp-content/uploads/2021/08/ETERNALS-POSTER.jpg"
    },
    {
        "genero":"terror",
        "nombre":"Conjuro 2",
        "director":"Acuña",
        "año":25,
        "actores":"095 55 5riente",
        "duracion":"berraco@brr.com",
        "calificacion": "★★",
        "poster":"https://www.ecured.cu/images/d/d0/El-conjuro-poster.jpg"
    },
    {
        "genero":"suspenso",
        "nombre":"Jason Bourne",
        "director":"Acuña",
        "año":25,
        "actores":"095 55 5riente",
        "duracion":"berraco@brr.com",
        "calificacion": "★",
        "poster":"https://m.media-amazon.com/images/I/61Lx2dpuZ4L._AC_SY741_.jpg"
    },
    {
        "genero":"niños",
        "nombre":"Rango",
        "director":"Acuña",
        "año":25,
        "actores":"095 55 5riente",
        "duracion":"berraco@brr.com",
        "calificacion": "★★★★",
        "poster":"https://m.media-amazon.com/images/I/51Cg6lDu9QL._AC_.jpg"
    },
    {
        "genero":"romance",
        "nombre":"Notebook",
        "director":"Acuña",
        "año":25,
        "actores":"095 55 5riente",
        "duracion":"berraco@brr.com",
        "calificacion": "★★★★★★★",
        "poster":"https://es.web.img3.acsta.net/medias/nmedia/18/67/61/01/20070878.jpg"
    },
    {
        "genero":"niños",
        "nombre":"Rango",
        "director":"Acuña",
        "año":25,
        "actores":"095 55 5riente",
        "duracion":"berraco@brr.com",
        "calificacion": "★★★★",
        "poster":"https://m.media-amazon.com/images/I/51Cg6lDu9QL._AC_.jpg"
    },
    {
        "genero":"romance",
        "nombre":"Notebook",
        "director":"Acuña",
        "año":25,
        "actores":"095 55 5riente",
        "duracion":"berraco@brr.com",
        "calificacion": "★★★★★★★",
        "poster":"https://es.web.img3.acsta.net/medias/nmedia/18/67/61/01/20070878.jpg"
    }
    

]